id;name;firstname;ine;caslogin;mail
1;indexing channels;Open-architected;Forward;solid Fantastic Lithuania;parse Frozen
2;Electronics;Account users Organized;Buckinghamshire scale;collaborative Rubber Horizontal;Avon input
3;Gorgeous optimize;bifurcated Baby Handcrafted;overriding Universal;Salad Dollar SAS;synthesizing Implementation Facilitator
4;SDD Table;white Principal;Corporate Multi-layered;Orchestrator XML Soft;optimize Tennessee magnetic
5;SMTP Intranet visionary;Forward auxiliary;Chair Pre-emptive;object-oriented Robust morph;Group
6;Movies;Fresh Multi-tiered capacitor;Technician Islands Kids;turquoise synthesize;Berkshire
7;Liaison Tennessee Garden;Junctions Mauritius;Intuitive Agent parsing;North drive models;Metal
8;systematic real-time Concrete;Leone;Sleek interfaces;web-enabled payment metrics;TCP
9;Ergonomic Illinois;Frozen Divide;background cross-platform payment;payment invoice;Outdoors Incredible
10;Baby Czech;green Direct Michigan;multi-byte copying Lithuania;Lead Sleek;optical Guilder
