id;name;content;content_content_type
1;Summit Dakota interactive;../fake-data/blob/hipster.png;image/png
2;quantifying Wooden;../fake-data/blob/hipster.png;image/png
3;schemas;../fake-data/blob/hipster.png;image/png
4;monitor;../fake-data/blob/hipster.png;image/png
5;withdrawal Computer;../fake-data/blob/hipster.png;image/png
6;input haptic;../fake-data/blob/hipster.png;image/png
7;ubiquitous copying Gloves;../fake-data/blob/hipster.png;image/png
8;Right-sized virtual Grocery;../fake-data/blob/hipster.png;image/png
9;SDD Computers Up-sized;../fake-data/blob/hipster.png;image/png
10;Account Forge Fish;../fake-data/blob/hipster.png;image/png
